Time,Op,Fn,FnRepr,Parameters,Accuracy(bits),UTime(s),STime(s),Mem(kB)
Mon Apr 10 21:55:57 BST 2017,max,sine+cos,fun,10,10,0.86,0.01,22664
Mon Apr 10 21:55:57 BST 2017,max,sine+cos,fun,15,15,4.77,0.05,85912
Mon Apr 10 21:55:57 BST 2017,max,sine+cos,fun,20,20,28.53,0.20,473572
Mon Apr 10 21:55:57 BST 2017,max,sine+cos,fun,25,25,281.50,1.65,2793936
Mon Apr 10 21:55:57 BST 2017,integrate,sine+cos,fun,10,10,42.26,0.12,38360
Mon Apr 10 21:55:57 BST 2017,integrate,sine+cos,fun,12,12,152.08,0.37,124180
Mon Apr 10 21:55:57 BST 2017,integrate,sine+cos,fun,14,14,628.31,1.86,473220
Mon Apr 10 21:55:57 BST 2017,max,sine+cos,ball,10,10,1.11,0.01,25596
Mon Apr 10 21:55:57 BST 2017,max,sine+cos,ball,15,15,5.97,0.06,98372
Mon Apr 10 21:55:57 BST 2017,max,sine+cos,ball,20,20,40.13,0.26,538744
Mon Apr 10 21:55:57 BST 2017,max,sine+cos,ball,25,25,324.26,2.08,3038336
Mon Apr 10 21:55:57 BST 2017,integrate,sine+cos,ball,10,10,39.36,0.15,36028
Mon Apr 10 21:55:57 BST 2017,integrate,sine+cos,ball,12,12,154.76,0.45,125292
Mon Apr 10 21:55:57 BST 2017,integrate,sine+cos,ball,14,14,623.05,1.93,466288
Mon Apr 10 21:55:57 BST 2017,max,sine+cos,dball,10,10,0.14,0.01,9868
Mon Apr 10 21:55:57 BST 2017,max,sine+cos,dball,30,30,0.26,0.01,10748
Mon Apr 10 21:55:57 BST 2017,max,sine+cos,dball,50,50,0.46,0.01,12164
Mon Apr 10 21:55:57 BST 2017,max,sine+cos,dball,70,70,0.64,0.01,13400
Mon Apr 10 21:55:57 BST 2017,max,sine+cos,dball,90,90,0.78,0.01,14308
Mon Apr 10 21:55:57 BST 2017,integrate,sine+cos,dball,10,10,0.88,0.01,9008
Mon Apr 10 21:55:57 BST 2017,integrate,sine+cos,dball,15,16,5.36,0.01,12012
Mon Apr 10 21:55:57 BST 2017,integrate,sine+cos,dball,20,20,24.54,0.06,22492
Mon Apr 10 21:55:57 BST 2017,integrate,sine+cos,dball,25,26,169.39,0.60,132128
Mon Apr 10 21:55:57 BST 2017,integrate,sine+cos,dball,30,30,752.17,2.55,561068
Mon Apr 10 21:55:57 BST 2017,max,sine+cos,poly,10,10,1.20,0.02,19652
Mon Apr 10 21:55:57 BST 2017,max,sine+cos,poly,30,24,2.68,0.01,24340
Mon Apr 10 21:55:57 BST 2017,max,sine+cos,poly,50,33,3.72,0.01,28412
Mon Apr 10 21:55:57 BST 2017,max,sine+cos,poly,70,55,7.25,0.02,32092
Mon Apr 10 21:55:57 BST 2017,max,sine+cos,poly,90,75,9.19,0.03,38080
Mon Apr 10 21:55:57 BST 2017,max,sine+cos,poly,110,95,11.70,0.03,42172
Mon Apr 10 21:55:57 BST 2017,integrate,sine+cos,poly,10,9,0.27,0.01,19408
Mon Apr 10 21:55:57 BST 2017,integrate,sine+cos,poly,30,23,0.40,0.01,23596
Mon Apr 10 21:55:57 BST 2017,integrate,sine+cos,poly,50,32,0.58,0.02,27752
Mon Apr 10 21:55:57 BST 2017,integrate,sine+cos,poly,70,54,0.82,0.01,32312
Mon Apr 10 21:55:57 BST 2017,integrate,sine+cos,poly,90,74,1.04,0.02,37336
Mon Apr 10 21:55:57 BST 2017,integrate,sine+cos,poly,110,94,1.28,0.01,41540
Mon Apr 10 21:55:57 BST 2017,max,sine+cos,lpoly,10,10,0.76,0.01,14140
Mon Apr 10 21:55:57 BST 2017,max,sine+cos,lpoly,30,30,1.90,0.01,14704
Mon Apr 10 21:55:57 BST 2017,max,sine+cos,lpoly,50,50,2.56,0.01,14996
Mon Apr 10 21:55:57 BST 2017,max,sine+cos,lpoly,70,70,3.00,0.01,16836
Mon Apr 10 21:55:57 BST 2017,max,sine+cos,lpoly,90,90,3.86,0.02,19032
Mon Apr 10 21:55:57 BST 2017,integrate,sine+cos,lpoly,10,14,0.43,0.01,11940
Mon Apr 10 21:55:57 BST 2017,integrate,sine+cos,lpoly,30,36,1.67,0.01,12928
Mon Apr 10 21:55:57 BST 2017,integrate,sine+cos,lpoly,50,56,3.83,0.02,13932
Mon Apr 10 21:55:57 BST 2017,integrate,sine+cos,lpoly,70,78,7.34,0.04,15324
Mon Apr 10 21:55:57 BST 2017,integrate,sine+cos,lpoly,90,97,12.56,0.04,16612
Mon Apr 10 21:55:57 BST 2017,max,sinesine,fun,10,10,7.18,0.05,55492
Mon Apr 10 21:55:57 BST 2017,max,sinesine,fun,15,15,37.27,0.15,245512
Mon Apr 10 21:55:57 BST 2017,max,sinesine,fun,20,20,346.16,1.31,1398952
Mon Apr 10 21:55:57 BST 2017,integrate,sinesine,fun,5,5,43.93,0.10,21740
Mon Apr 10 21:55:57 BST 2017,integrate,sinesine,fun,7,7,142.92,0.36,58616
Mon Apr 10 21:55:57 BST 2017,max,sinesine,ball,10,10,0.16,0.01,10644
Mon Apr 10 21:55:57 BST 2017,max,sinesine,ball,30,30,0.30,0.01,11692
Mon Apr 10 21:55:57 BST 2017,max,sinesine,ball,50,50,0.51,0.01,13228
Mon Apr 10 21:55:57 BST 2017,max,sinesine,ball,70,70,0.76,0.01,15008
Mon Apr 10 21:55:57 BST 2017,max,sinesine,ball,90,90,0.85,0.01,16040
Mon Apr 10 21:55:57 BST 2017,integrate,sinesine,ball,05,5,1.20,0.01,9704
Mon Apr 10 21:55:57 BST 2017,integrate,sinesine,ball,10,10,35.58,0.08,41284
Mon Apr 10 21:55:57 BST 2017,integrate,sinesine,ball,15,15,1174.83,3.66,1059968
Mon Apr 10 21:55:57 BST 2017,max,sinesine,dball,10,11,0.26,0.01,10592
Mon Apr 10 21:55:57 BST 2017,max,sinesine,dball,30,30,0.34,0.01,10672
Mon Apr 10 21:55:57 BST 2017,max,sinesine,dball,50,50,0.48,0.01,11468
Mon Apr 10 21:55:57 BST 2017,max,sinesine,dball,70,70,0.57,0.01,12012
Mon Apr 10 21:55:57 BST 2017,max,sinesine,dball,90,90,0.71,0.01,12476
Mon Apr 10 21:55:57 BST 2017,integrate,sinesine,dball,05,6,0.30,0.01,9260
Mon Apr 10 21:55:57 BST 2017,integrate,sinesine,dball,10,10,1.40,0.01,9936
Mon Apr 10 21:55:57 BST 2017,integrate,sinesine,dball,15,15,7.56,0.02,16120
Mon Apr 10 21:55:57 BST 2017,integrate,sinesine,dball,20,20,42.77,0.13,51420
Mon Apr 10 21:55:57 BST 2017,integrate,sinesine,dball,25,25,243.48,0.93,252132
Mon Apr 10 21:55:57 BST 2017,integrate,sinesine,dball,30,30,1317.06,4.84,1355948
Mon Apr 10 21:55:57 BST 2017,max,sinesine,poly,10,5,20.42,0.14,312996
Mon Apr 10 21:55:57 BST 2017,max,sinesine,poly,30,25,57.22,0.59,781384
Mon Apr 10 21:55:58 BST 2017,max,sinesine,poly,50,39,114.81,0.94,1381216
Mon Apr 10 21:55:58 BST 2017,max,sinesine,poly,70,59,192.16,1.82,2082564
Mon Apr 10 21:55:58 BST 2017,max,sinesine,poly,90,79,303.20,2.69,2918392
Mon Apr 10 21:55:58 BST 2017,max,sinesine,poly,110,99,442.61,4.00,3879348
Mon Apr 10 21:55:58 BST 2017,integrate,sinesine,poly,05,0,10.51,0.12,213076
Mon Apr 10 21:55:58 BST 2017,integrate,sinesine,poly,10,4,16.62,0.19,311700
Mon Apr 10 21:55:58 BST 2017,integrate,sinesine,poly,15,9,23.03,0.22,418540
Mon Apr 10 21:55:58 BST 2017,integrate,sinesine,poly,20,14,30.50,0.26,521536
Mon Apr 10 21:55:58 BST 2017,integrate,sinesine,poly,25,19,40.17,0.41,647964
Mon Apr 10 21:55:58 BST 2017,integrate,sinesine,poly,30,24,51.11,0.48,771112
Mon Apr 10 21:55:58 BST 2017,integrate,sinesine,poly,50,38,104.86,1.10,1401052
Mon Apr 10 21:55:58 BST 2017,integrate,sinesine,poly,70,58,187.10,1.76,2068020
Mon Apr 10 21:55:58 BST 2017,integrate,sinesine,poly,90,78,285.90,2.75,2944180
Mon Apr 10 21:55:58 BST 2017,max,sinesine,lpoly,10,11,1.56,0.02,18452
Mon Apr 10 21:55:58 BST 2017,max,sinesine,lpoly,30,30,2.94,0.01,17608
Mon Apr 10 21:55:58 BST 2017,max,sinesine,lpoly,50,50,3.61,0.02,21452
Mon Apr 10 21:55:58 BST 2017,max,sinesine,lpoly,70,70,5.97,0.03,29912
Mon Apr 10 21:55:58 BST 2017,max,sinesine,lpoly,90,90,8.26,0.06,39720
Mon Apr 10 21:55:58 BST 2017,integrate,sinesine,lpoly,10,14,1.64,0.01,19980
Mon Apr 10 21:55:58 BST 2017,integrate,sinesine,lpoly,30,35,5.80,0.02,18196
Mon Apr 10 21:55:58 BST 2017,integrate,sinesine,lpoly,50,50,13.86,0.06,21832
Mon Apr 10 21:55:58 BST 2017,integrate,sinesine,lpoly,70,71,29.38,0.15,22252
Mon Apr 10 21:55:58 BST 2017,integrate,sinesine,lpoly,90,91,52.40,0.24,24772
Mon Apr 10 21:55:58 BST 2017,max,sinesine+cos,fun,10,10,15.58,0.10,95616
Mon Apr 10 21:55:58 BST 2017,max,sinesine+cos,fun,15,15,74.46,0.35,429092
Mon Apr 10 21:55:58 BST 2017,max,sinesine+cos,fun,20,20,751.32,2.78,2436948
Mon Apr 10 21:55:58 BST 2017,integrate,sinesine+cos,fun,05,5,82.19,0.24,38200
Mon Apr 10 21:55:58 BST 2017,integrate,sinesine+cos,fun,07,7,323.01,0.80,126312
Mon Apr 10 21:55:58 BST 2017,max,sinesine+cos,ball,10,10,0.24,0.01,11032
Mon Apr 10 21:55:58 BST 2017,max,sinesine+cos,ball,20,20,3.42,0.02,41260
Mon Apr 10 21:55:58 BST 2017,max,sinesine+cos,ball,30,30,183.52,0.90,1152136
Mon Apr 10 21:55:58 BST 2017,integrate,sinesine+cos,ball,05,5,2.40,0.01,10292
Mon Apr 10 21:55:58 BST 2017,integrate,sinesine+cos,ball,10,10,69.03,0.22,64520
Mon Apr 10 21:55:58 BST 2017,integrate,sinesine+cos,ball,13,13,490.62,1.62,475992
Mon Apr 10 21:55:58 BST 2017,max,sinesine+cos,dball,10,12,0.27,0.01,10260
Mon Apr 10 21:55:58 BST 2017,max,sinesine+cos,dball,30,30,0.28,0.01,10320
Mon Apr 10 21:55:58 BST 2017,max,sinesine+cos,dball,50,50,0.35,0.01,10508
Mon Apr 10 21:55:58 BST 2017,max,sinesine+cos,dball,70,70,0.45,0.01,10616
Mon Apr 10 21:55:58 BST 2017,max,sinesine+cos,dball,90,90,0.46,0.01,10772
Mon Apr 10 21:55:58 BST 2017,integrate,sinesine+cos,dball,05,6,0.41,0.01,9492
Mon Apr 10 21:55:58 BST 2017,integrate,sinesine+cos,dball,10,10,1.90,0.01,10728
Mon Apr 10 21:55:58 BST 2017,integrate,sinesine+cos,dball,15,15,10.36,0.02,18696
Mon Apr 10 21:55:58 BST 2017,integrate,sinesine+cos,dball,20,20,62.55,0.25,65724
Mon Apr 10 21:55:58 BST 2017,integrate,sinesine+cos,dball,25,25,333.80,1.08,318728
Mon Apr 10 21:55:58 BST 2017,integrate,sinesine+cos,dball,28,28,944.08,2.93,919764
Mon Apr 10 21:55:58 BST 2017,max,sinesine+cos,poly,10,5,19.44,0.16,314964
Mon Apr 10 21:55:58 BST 2017,max,sinesine+cos,poly,15,10,25.04,0.22,420908
Mon Apr 10 21:55:58 BST 2017,max,sinesine+cos,poly,20,15,31.68,0.35,529424
Mon Apr 10 21:55:58 BST 2017,max,sinesine+cos,poly,25,20,43.37,0.48,636240
Mon Apr 10 21:55:58 BST 2017,max,sinesine+cos,poly,30,25,53.84,0.46,757348
Mon Apr 10 21:55:58 BST 2017,max,sinesine+cos,poly,35,30,67.94,0.73,919968
Mon Apr 10 21:55:58 BST 2017,max,sinesine+cos,poly,50,39,110.98,1.13,1366476
Mon Apr 10 21:55:58 BST 2017,max,sinesine+cos,poly,70,59,187.59,1.90,2069044
Mon Apr 10 21:55:58 BST 2017,max,sinesine+cos,poly,90,79,286.34,2.43,2919420
Mon Apr 10 21:55:58 BST 2017,integrate,sinesine+cos,poly,05,0,11.27,0.08,219428
Mon Apr 10 21:55:58 BST 2017,integrate,sinesine+cos,poly,10,4,15.93,0.17,310620
Mon Apr 10 21:55:58 BST 2017,integrate,sinesine+cos,poly,15,9,22.76,0.29,420952
Mon Apr 10 21:55:58 BST 2017,integrate,sinesine+cos,poly,20,14,30.25,0.29,527688
Mon Apr 10 21:55:58 BST 2017,integrate,sinesine+cos,poly,25,19,41.28,0.40,635432
Mon Apr 10 21:55:58 BST 2017,integrate,sinesine+cos,poly,30,24,55.18,0.55,770396
Mon Apr 10 21:55:58 BST 2017,integrate,sinesine+cos,poly,50,38,101.32,0.91,1355208
Mon Apr 10 21:55:58 BST 2017,integrate,sinesine+cos,poly,70,58,170.16,1.64,2082340
Mon Apr 10 21:55:58 BST 2017,integrate,sinesine+cos,poly,90,78,265.71,2.36,2960772
Mon Apr 10 21:55:58 BST 2017,max,sinesine+cos,lpoly,05,9,2.22,0.01,26368
Mon Apr 10 21:55:58 BST 2017,max,sinesine+cos,lpoly,10,15,1.90,0.01,18648
Mon Apr 10 21:55:58 BST 2017,max,sinesine+cos,lpoly,15,20,1.88,0.01,16704
Mon Apr 10 21:55:58 BST 2017,max,sinesine+cos,lpoly,20,20,1.86,0.01,17544
Mon Apr 10 21:55:58 BST 2017,max,sinesine+cos,lpoly,25,26,2.21,0.01,18684
Mon Apr 10 21:55:58 BST 2017,max,sinesine+cos,lpoly,30,30,2.92,0.01,19712
Mon Apr 10 21:55:58 BST 2017,max,sinesine+cos,lpoly,35,35,2.27,0.01,21092
Mon Apr 10 21:55:58 BST 2017,max,sinesine+cos,lpoly,50,50,2.54,0.01,27480
Mon Apr 10 21:55:58 BST 2017,max,sinesine+cos,lpoly,70,70,3.47,0.01,38068
Mon Apr 10 21:55:58 BST 2017,max,sinesine+cos,lpoly,90,94,7.56,0.08,53228
Mon Apr 10 21:55:58 BST 2017,integrate,sinesine+cos,lpoly,05,7,1.25,0.01,22524
Mon Apr 10 21:55:58 BST 2017,integrate,sinesine+cos,lpoly,10,13,1.86,0.01,19952
Mon Apr 10 21:55:58 BST 2017,integrate,sinesine+cos,lpoly,15,19,2.42,0.02,17944
Mon Apr 10 21:55:58 BST 2017,integrate,sinesine+cos,lpoly,20,25,3.48,0.02,18016
Mon Apr 10 21:55:58 BST 2017,integrate,sinesine+cos,lpoly,25,30,4.82,0.02,17540
Mon Apr 10 21:55:58 BST 2017,integrate,sinesine+cos,lpoly,30,35,6.55,0.03,18952
Mon Apr 10 21:55:58 BST 2017,integrate,sinesine+cos,lpoly,35,41,7.81,0.05,19200
Mon Apr 10 21:55:58 BST 2017,integrate,sinesine+cos,lpoly,50,50,15.60,0.09,21468
Mon Apr 10 21:55:58 BST 2017,integrate,sinesine+cos,lpoly,70,71,31.87,0.15,22396
Mon Apr 10 21:55:58 BST 2017,integrate,sinesine+cos,lpoly,90,91,55.69,0.22,24744
Mon Apr 10 21:55:58 BST 2017,max,sinesine+sin,fun,10,10,7.80,0.04,49204
Mon Apr 10 21:55:58 BST 2017,max,sinesine+sin,fun,15,15,33.59,0.17,199660
Mon Apr 10 21:55:58 BST 2017,max,sinesine+sin,fun,20,20,346.60,1.21,1092116
Mon Apr 10 21:55:58 BST 2017,integrate,sinesine+sin,fun,05,5,79.53,0.19,38232
Mon Apr 10 21:55:58 BST 2017,integrate,sinesine+sin,fun,07,7,331.24,0.84,126280
Mon Apr 10 21:55:58 BST 2017,max,sinesine+sin,ball,10,10,0.14,0.01,10328
Mon Apr 10 21:55:58 BST 2017,max,sinesine+sin,ball,20,20,0.34,0.01,11968
Mon Apr 10 21:55:58 BST 2017,max,sinesine+sin,ball,30,30,9.65,0.06,64928
Mon Apr 10 21:55:58 BST 2017,integrate,sinesine+sin,ball,05,5,2.95,0.01,10384
Mon Apr 10 21:55:58 BST 2017,integrate,sinesine+sin,ball,10,10,68.76,0.23,67580
Mon Apr 10 21:55:58 BST 2017,integrate,sinesine+sin,ball,13,13,536.65,1.62,479236
Mon Apr 10 21:55:58 BST 2017,max,sinesine+sin,dball,10,11,0.25,0.01,10148
Mon Apr 10 21:55:58 BST 2017,max,sinesine+sin,dball,30,31,0.30,0.01,10472
Mon Apr 10 21:55:58 BST 2017,max,sinesine+sin,dball,50,51,0.33,0.01,10520
Mon Apr 10 21:55:58 BST 2017,max,sinesine+sin,dball,70,71,0.39,0.01,10604
Mon Apr 10 21:55:58 BST 2017,max,sinesine+sin,dball,90,91,0.46,0.01,10900
Mon Apr 10 21:55:58 BST 2017,integrate,sinesine+sin,dball,05,6,0.41,0.01,9284
Mon Apr 10 21:55:58 BST 2017,integrate,sinesine+sin,dball,10,10,1.90,0.02,10524
Mon Apr 10 21:55:58 BST 2017,integrate,sinesine+sin,dball,15,15,10.37,0.02,18500
Mon Apr 10 21:55:58 BST 2017,integrate,sinesine+sin,dball,20,20,62.62,0.16,65760
Mon Apr 10 21:55:58 BST 2017,integrate,sinesine+sin,dball,25,25,329.97,1.08,320720
Mon Apr 10 21:55:58 BST 2017,integrate,sinesine+sin,dball,28,28,932.52,3.25,904340
Mon Apr 10 21:55:58 BST 2017,max,sinesine+sin,poly,10,5,22.66,0.18,312076
Mon Apr 10 21:55:58 BST 2017,max,sinesine+sin,poly,15,10,28.12,0.20,420956
Mon Apr 10 21:55:58 BST 2017,max,sinesine+sin,poly,20,15,34.44,0.29,527056
Mon Apr 10 21:55:58 BST 2017,max,sinesine+sin,poly,25,20,45.71,0.45,656464
Mon Apr 10 21:55:58 BST 2017,max,sinesine+sin,poly,30,25,56.18,0.50,783028
Mon Apr 10 21:55:58 BST 2017,max,sinesine+sin,poly,35,30,71.18,0.66,904328
Mon Apr 10 21:55:58 BST 2017,max,sinesine+sin,poly,50,39,113.87,0.98,1366604
Mon Apr 10 21:55:58 BST 2017,max,sinesine+sin,poly,70,59,193.64,1.65,2069340
Mon Apr 10 21:55:58 BST 2017,max,sinesine+sin,poly,90,79,309.58,2.57,2919516
Mon Apr 10 21:55:58 BST 2017,integrate,sinesine+sin,poly,05,-1,9.86,0.13,214720
Mon Apr 10 21:55:58 BST 2017,integrate,sinesine+sin,poly,10,4,16.74,0.12,311592
Mon Apr 10 21:55:58 BST 2017,integrate,sinesine+sin,poly,15,9,22.94,0.17,410696
Mon Apr 10 21:55:58 BST 2017,integrate,sinesine+sin,poly,20,14,30.85,0.28,518520
Mon Apr 10 21:55:58 BST 2017,integrate,sinesine+sin,poly,25,19,41.66,0.36,657816
Mon Apr 10 21:55:58 BST 2017,integrate,sinesine+sin,poly,30,24,54.20,0.49,759888
Mon Apr 10 21:55:59 BST 2017,integrate,sinesine+sin,poly,50,38,108.40,0.99,1355528
Mon Apr 10 21:55:59 BST 2017,integrate,sinesine+sin,poly,70,58,181.68,1.74,2082564
Mon Apr 10 21:55:59 BST 2017,integrate,sinesine+sin,poly,90,78,290.51,2.66,2961128
Mon Apr 10 21:55:59 BST 2017,max,sinesine+sin,lpoly,05,10,2.45,0.01,26288
Mon Apr 10 21:55:59 BST 2017,max,sinesine+sin,lpoly,10,15,1.66,0.01,17868
Mon Apr 10 21:55:59 BST 2017,max,sinesine+sin,lpoly,15,20,1.64,0.01,16176
Mon Apr 10 21:55:59 BST 2017,max,sinesine+sin,lpoly,20,20,1.75,0.02,17120
Mon Apr 10 21:55:59 BST 2017,max,sinesine+sin,lpoly,25,26,2.06,0.01,17188
Mon Apr 10 21:55:59 BST 2017,max,sinesine+sin,lpoly,30,31,2.10,0.01,17232
Mon Apr 10 21:55:59 BST 2017,max,sinesine+sin,lpoly,35,35,2.03,0.01,17196
Mon Apr 10 21:55:59 BST 2017,max,sinesine+sin,lpoly,50,50,2.18,0.01,20772
Mon Apr 10 21:55:59 BST 2017,max,sinesine+sin,lpoly,70,70,2.76,0.02,26888
Mon Apr 10 21:55:59 BST 2017,max,sinesine+sin,lpoly,90,90,3.20,0.01,34152
Mon Apr 10 21:55:59 BST 2017,integrate,sinesine+sin,lpoly,05,7,1.38,0.01,22596
Mon Apr 10 21:55:59 BST 2017,integrate,sinesine+sin,lpoly,10,13,1.83,0.01,19884
Mon Apr 10 21:55:59 BST 2017,integrate,sinesine+sin,lpoly,15,19,2.60,0.03,17424
Mon Apr 10 21:55:59 BST 2017,integrate,sinesine+sin,lpoly,20,25,4.06,0.03,18616
Mon Apr 10 21:55:59 BST 2017,integrate,sinesine+sin,lpoly,25,30,5.21,0.03,18024
Mon Apr 10 21:55:59 BST 2017,integrate,sinesine+sin,lpoly,30,35,6.26,0.04,18332
Mon Apr 10 21:55:59 BST 2017,integrate,sinesine+sin,lpoly,35,41,8.71,0.02,19492
Mon Apr 10 21:55:59 BST 2017,integrate,sinesine+sin,lpoly,50,50,16.25,0.08,20496
Mon Apr 10 21:55:59 BST 2017,integrate,sinesine+sin,lpoly,70,71,32.86,0.13,22252
Mon Apr 10 21:55:59 BST 2017,integrate,sinesine+sin,lpoly,90,91,61.15,0.25,24836
Mon Apr 10 21:55:59 BST 2017,max,runge,ball,05,5,0.02,0.01,9516
Mon Apr 10 21:55:59 BST 2017,max,runge,ball,35,35,0.05,0.01,9520
Mon Apr 10 21:55:59 BST 2017,max,runge,ball,65,65,0.10,0.01,10488
Mon Apr 10 21:55:59 BST 2017,max,runge,ball,100,101,0.13,0.01,11128
Mon Apr 10 21:55:59 BST 2017,integrate,runge,ball,05,5,0.04,0.01,8360
Mon Apr 10 21:55:59 BST 2017,integrate,runge,ball,10,10,1.34,0.01,9312
Mon Apr 10 21:55:59 BST 2017,integrate,runge,ball,15,15,41.15,0.14,42524
Mon Apr 10 21:55:59 BST 2017,integrate,runge,ball,20,20,1474.30,5.07,1101564
Mon Apr 10 21:55:59 BST 2017,max,runge,dball,05,5,0.09,0.01,10840
Mon Apr 10 21:55:59 BST 2017,max,runge,dball,35,35,0.12,0.01,10844
Mon Apr 10 21:55:59 BST 2017,max,runge,dball,65,65,0.15,0.01,11004
Mon Apr 10 21:55:59 BST 2017,max,runge,dball,100,100,0.20,0.01,11020
Mon Apr 10 21:55:59 BST 2017,integrate,runge,dball,05,7,0.03,0.01,8192
Mon Apr 10 21:55:59 BST 2017,integrate,runge,dball,10,10,0.12,0.01,8920
Mon Apr 10 21:55:59 BST 2017,integrate,runge,dball,15,15,0.63,0.01,9060
Mon Apr 10 21:55:59 BST 2017,integrate,runge,dball,20,20,3.78,0.02,11308
Mon Apr 10 21:55:59 BST 2017,integrate,runge,dball,25,25,19.82,0.05,24880
Mon Apr 10 21:55:59 BST 2017,integrate,runge,dball,30,30,123.24,0.46,115380
Mon Apr 10 21:55:59 BST 2017,integrate,runge,dball,35,35,650.21,2.57,543780
Mon Apr 10 21:55:59 BST 2017,max,runge,poly,00,1,9.87,0.03,18364
Mon Apr 10 21:55:59 BST 2017,max,runge,poly,01,10,41.78,0.11,45456
Mon Apr 10 21:55:59 BST 2017,max,runge,poly,10,29,294.90,2.22,156116
Mon Apr 10 21:55:59 BST 2017,integrate,runge,poly,00,0,10.50,0.07,18596
Mon Apr 10 21:55:59 BST 2017,integrate,runge,poly,01,9,43.85,0.18,45556
Mon Apr 10 21:55:59 BST 2017,integrate,runge,poly,10,28,308.81,2.32,156476
Mon Apr 10 21:55:59 BST 2017,max,runge,ppoly,10,19,23.22,0.10,33864
Mon Apr 10 21:55:59 BST 2017,max,runge,ppoly,20,24,49.10,0.19,61864
Mon Apr 10 21:55:59 BST 2017,max,runge,ppoly,40,45,56.06,0.24,95680
Mon Apr 10 21:55:59 BST 2017,max,runge,ppoly,60,27,19.30,0.09,54096
Mon Apr 10 21:55:59 BST 2017,max,runge,ppoly,80,87,74.88,0.28,182920
Mon Apr 10 21:55:59 BST 2017,integrate,runge,ppoly,10,22,23.18,0.07,32488
Mon Apr 10 21:55:59 BST 2017,integrate,runge,ppoly,20,27,48.19,0.17,54156
Mon Apr 10 21:55:59 BST 2017,integrate,runge,ppoly,40,48,52.10,0.20,93424
Mon Apr 10 21:55:59 BST 2017,integrate,runge,ppoly,60,31,16.24,0.08,54520
Mon Apr 10 21:55:59 BST 2017,integrate,runge,ppoly,80,91,66.34,0.29,181932
Mon Apr 10 21:55:59 BST 2017,max,runge,frac,10,exact,0.01,0.01,11000
Mon Apr 10 21:55:59 BST 2017,max,runge,frac,20,exact,0.01,0.01,10808
Mon Apr 10 21:55:59 BST 2017,max,runge,frac,40,exact,0.01,0.01,11152
Mon Apr 10 21:55:59 BST 2017,max,runge,frac,60,exact,0.01,0.01,11012
Mon Apr 10 21:55:59 BST 2017,max,runge,frac,80,exact,0.01,0.01,11016
Mon Apr 10 21:55:59 BST 2017,max,runge,frac,100,exact,0.01,0.01,10864
Mon Apr 10 21:55:59 BST 2017,integrate,runge,frac,8,18,23.52,0.09,32756
Mon Apr 10 21:55:59 BST 2017,integrate,runge,frac,16,18,23.55,0.07,32920
Mon Apr 10 21:55:59 BST 2017,integrate,runge,frac,32,52,83.17,0.36,145404
Mon Apr 10 21:55:59 BST 2017,integrate,runge,frac,64,104,104.47,0.40,277148
Mon Apr 10 21:55:59 BST 2017,max,runge,lpoly,2,11,164.42,0.61,49464
Mon Apr 10 21:55:59 BST 2017,max,runge,lpoly,10,96,70.39,0.27,22148
Mon Apr 10 21:55:59 BST 2017,integrate,runge,lpoly,10,57,79.89,0.31,19148
Mon Apr 10 21:55:59 BST 2017,integrate,runge,lpoly,80,69,125.95,0.40,13692
Mon Apr 10 21:55:59 BST 2017,integrate,runge,lpoly,160,86,377.42,1.44,13756
Mon Apr 10 21:55:59 BST 2017,max,runge,lppoly,10,46,17.98,0.06,42212
Mon Apr 10 21:55:59 BST 2017,max,runge,lppoly,20,49,21.16,0.10,47940
Mon Apr 10 21:55:59 BST 2017,max,runge,lppoly,40,49,21.36,0.05,47896
Mon Apr 10 21:55:59 BST 2017,max,runge,lppoly,80,81,22.65,0.08,59740
Mon Apr 10 21:55:59 BST 2017,integrate,runge,lppoly,2,19,25.57,0.12,21752
Mon Apr 10 21:55:59 BST 2017,integrate,runge,lppoly,10,35,24.07,0.07,18416
Mon Apr 10 21:55:59 BST 2017,integrate,runge,lppoly,80,63,9.97,0.03,12952
Mon Apr 10 21:55:59 BST 2017,integrate,runge,lppoly,120,90,49.51,0.16,15396
Mon Apr 10 21:55:59 BST 2017,max,runge,lfrac,10,exact,0.05,0.01,11768
Mon Apr 10 21:55:59 BST 2017,max,runge,lfrac,20,exact,0.07,0.01,12220
Mon Apr 10 21:55:59 BST 2017,max,runge,lfrac,40,exact,0.07,0.01,12196
Mon Apr 10 21:55:59 BST 2017,max,runge,lfrac,80,exact,0.07,0.01,12304
Mon Apr 10 21:55:59 BST 2017,integrate,runge,lfrac,2,19,25.75,0.15,22296
Mon Apr 10 21:55:59 BST 2017,integrate,runge,lfrac,10,35,24.00,0.07,18464
Mon Apr 10 21:55:59 BST 2017,integrate,runge,lfrac,80,63,10.10,0.06,13076
Mon Apr 10 21:55:59 BST 2017,integrate,runge,lfrac,120,90,51.50,0.17,15544
Mon Apr 10 21:55:59 BST 2017,max,rungeSC,ball,05,5,25.12,0.03,13756
Mon Apr 10 21:55:59 BST 2017,max,rungeSC,ball,10,10,25.46,0.02,13724
Mon Apr 10 21:55:59 BST 2017,max,rungeSC,ball,15,15,26.01,0.03,20424
Mon Apr 10 21:55:59 BST 2017,max,rungeSC,ball,20,20,30.30,0.07,74932
Mon Apr 10 21:55:59 BST 2017,max,rungeSC,ball,25,25,66.17,0.28,385316
Mon Apr 10 21:55:59 BST 2017,max,rungeSC,ball,30,30,267.54,1.73,2186436
Mon Apr 10 21:55:59 BST 2017,integrate,rungeSC,ball,05,5,0.38,0.01,8848
Mon Apr 10 21:55:59 BST 2017,integrate,rungeSC,ball,10,10,9.90,0.04,15812
Mon Apr 10 21:55:59 BST 2017,integrate,rungeSC,ball,15,15,312.16,1.12,260852
Mon Apr 10 21:55:59 BST 2017,max,rungeSC,dball,10,11,125.80,0.10,13964
Mon Apr 10 21:55:59 BST 2017,max,rungeSC,dball,30,31,127.64,0.14,13964
Mon Apr 10 21:55:59 BST 2017,max,rungeSC,dball,50,51,126.55,0.17,13920
Mon Apr 10 21:55:59 BST 2017,max,rungeSC,dball,70,71,127.76,0.14,13836
Mon Apr 10 21:55:59 BST 2017,max,rungeSC,dball,90,91,127.02,0.08,13908
Mon Apr 10 21:55:59 BST 2017,integrate,rungeSC,dball,05,5,0.13,0.01,9520
Mon Apr 10 21:55:59 BST 2017,integrate,rungeSC,dball,10,10,0.80,0.01,9916
Mon Apr 10 21:55:59 BST 2017,integrate,rungeSC,dball,15,15,4.14,0.01,11980
Mon Apr 10 21:55:59 BST 2017,integrate,rungeSC,dball,20,20,23.13,0.07,27584
Mon Apr 10 21:55:59 BST 2017,integrate,rungeSC,dball,25,25,133.75,0.48,107944
Mon Apr 10 21:55:59 BST 2017,integrate,rungeSC,dball,30,30,732.79,2.76,601540
Mon Apr 10 21:55:59 BST 2017,max,rungeSC,ppoly,8,2,114.90,0.55,538284
Mon Apr 10 21:55:59 BST 2017,max,rungeSC,ppoly,16,29,166.44,0.74,796392
Mon Apr 10 21:55:59 BST 2017,max,rungeSC,ppoly,32,101,448.32,2.12,1601520
Mon Apr 10 21:55:59 BST 2017,integrate,rungeSC,ppoly,8,4,90.63,0.48,351288
Mon Apr 10 21:55:59 BST 2017,integrate,rungeSC,ppoly,16,32,123.41,0.64,531216
Mon Apr 10 21:55:59 BST 2017,integrate,rungeSC,ppoly,32,105,255.46,1.25,1020336
Mon Apr 10 21:55:59 BST 2017,max,rungeSC,poly,-01,-1,9.34,0.04,19428
Mon Apr 10 21:55:59 BST 2017,max,rungeSC,poly,01,1,52.26,0.25,53808
Mon Apr 10 21:55:59 BST 2017,max,rungeSC,poly,04,4,54.58,0.26,47720
Mon Apr 10 21:56:00 BST 2017,integrate,rungeSC,poly,-01,-2,8.87,0.01,18928
Mon Apr 10 21:56:00 BST 2017,integrate,rungeSC,poly,01,0,50.50,0.24,53876
Mon Apr 10 21:56:00 BST 2017,integrate,rungeSC,poly,04,3,59.08,0.19,47752
Mon Apr 10 21:56:00 BST 2017,max,rungeSC,frac,10,10,2.74,0.02,30588
Mon Apr 10 21:56:00 BST 2017,max,rungeSC,frac,30,30,8.57,0.05,83304
Mon Apr 10 21:56:00 BST 2017,max,rungeSC,frac,50,50,29.18,0.20,219372
Mon Apr 10 21:57:28 BST 2017,max,rungeSC,frac,70,70,88.14,0.44,478956
Mon Apr 10 22:01:25 BST 2017,max,rungeSC,frac,90,90,235.35,1.12,940152
Mon Apr 10 22:01:25 BST 2017,integrate,rungeSC,frac,4,4,91.20,0.40,342744
Mon Apr 10 22:01:25 BST 2017,integrate,rungeSC,frac,8,29,125.05,0.65,518328
Mon Apr 10 22:01:25 BST 2017,integrate,rungeSC,frac,12,23,55.87,0.28,235708
Mon Apr 10 22:01:25 BST 2017,integrate,rungeSC,frac,16,105,255.61,1.06,996072
Mon Apr 10 22:01:25 BST 2017,max,rungeSC,lpoly,10,10,18.41,0.06,16232
Mon Apr 10 22:01:25 BST 2017,max,rungeSC,lpoly,30,31,38.31,0.13,20196
Mon Apr 10 22:01:25 BST 2017,max,rungeSC,lpoly,50,50,38.90,0.13,19428
Mon Apr 10 22:01:25 BST 2017,max,rungeSC,lpoly,70,70,58.33,0.19,25080
Mon Apr 10 22:01:25 BST 2017,max,rungeSC,lpoly,90,90,58.70,0.22,25400
Mon Apr 10 22:01:25 BST 2017,integrate,rungeSC,lpoly,10,16,18.00,0.08,13748
Mon Apr 10 22:01:25 BST 2017,integrate,rungeSC,lpoly,20,28,40.60,0.14,13284
Mon Apr 10 22:01:25 BST 2017,integrate,rungeSC,lpoly,40,49,100.66,0.38,15004
Mon Apr 10 22:01:25 BST 2017,integrate,rungeSC,lpoly,60,65,157.50,0.61,15268
Mon Apr 10 22:01:25 BST 2017,integrate,rungeSC,lpoly,80,86,258.61,0.96,16568
Mon Apr 10 22:01:25 BST 2017,max,rungeSC,lppoly,10,10,20.01,0.11,71672
Mon Apr 10 22:01:25 BST 2017,max,rungeSC,lppoly,30,30,22.22,0.11,72132
Mon Apr 10 22:01:25 BST 2017,max,rungeSC,lppoly,50,50,22.30,0.11,71900
Mon Apr 10 22:01:25 BST 2017,max,rungeSC,lppoly,70,72,23.26,0.08,72108
Mon Apr 10 22:01:25 BST 2017,max,rungeSC,lppoly,90,90,22.98,0.14,72896
Mon Apr 10 22:01:25 BST 2017,integrate,rungeSC,lppoly,10,15,25.74,0.06,23572
Mon Apr 10 22:01:25 BST 2017,integrate,rungeSC,lppoly,20,28,26.46,0.08,18796
Mon Apr 10 22:01:25 BST 2017,integrate,rungeSC,lppoly,40,35,23.82,0.10,16800
Mon Apr 10 22:01:25 BST 2017,integrate,rungeSC,lppoly,60,42,60.11,0.24,23260
Mon Apr 10 22:01:25 BST 2017,integrate,rungeSC,lppoly,80,63,20.77,0.07,17900
Mon Apr 10 22:01:25 BST 2017,max,rungeSC,lfrac,10,10,1.26,0.01,15044
Mon Apr 10 22:01:25 BST 2017,max,rungeSC,lfrac,30,30,1.07,0.01,17416
Mon Apr 10 22:01:25 BST 2017,max,rungeSC,lfrac,50,50,1.15,0.01,18424
Mon Apr 10 22:01:25 BST 2017,max,rungeSC,lfrac,70,70,1.35,0.01,20196
Mon Apr 10 22:01:25 BST 2017,max,rungeSC,lfrac,90,90,1.52,0.01,22200
Mon Apr 10 22:01:25 BST 2017,integrate,rungeSC,lfrac,10,15,25.50,0.08,23840
Mon Apr 10 22:01:25 BST 2017,integrate,rungeSC,lfrac,30,32,20.34,0.05,15512
Mon Apr 10 22:01:25 BST 2017,integrate,rungeSC,lfrac,50,37,27.36,0.08,15928
Mon Apr 10 22:01:25 BST 2017,integrate,rungeSC,lfrac,70,51,32.46,0.10,16692
Mon Apr 10 22:01:25 BST 2017,integrate,rungeSC,lfrac,90,69,30.12,0.10,17908
Mon Apr 10 22:01:25 BST 2017,max,fracSin,ball,05,5,64.24,0.06,13004
Mon Apr 10 22:01:25 BST 2017,max,fracSin,ball,15,15,63.91,0.09,13112
Mon Apr 10 22:01:25 BST 2017,max,fracSin,ball,25,25,64.76,0.09,13080
Mon Apr 10 22:01:25 BST 2017,max,fracSin,ball,35,35,64.30,0.08,13788
Mon Apr 10 22:01:25 BST 2017,max,fracSin,ball,45,45,64.42,0.04,15160
Mon Apr 10 22:01:25 BST 2017,max,fracSin,ball,55,55,64.39,0.05,16576
Mon Apr 10 22:01:25 BST 2017,max,fracSin,ball,70,70,63.88,0.04,19036
Mon Apr 10 22:01:25 BST 2017,max,fracSin,ball,90,91,64.37,0.02,22132
Mon Apr 10 22:01:25 BST 2017,integrate,fracSin,ball,05,5,0.35,0.01,8748
Mon Apr 10 22:01:25 BST 2017,integrate,fracSin,ball,10,10,10.13,0.03,12352
Mon Apr 10 22:01:25 BST 2017,integrate,fracSin,ball,15,15,298.40,1.01,156220
Mon Apr 10 22:01:25 BST 2017,max,fracSin,dball,10,10,330.68,0.28,13664
Mon Apr 10 22:01:25 BST 2017,max,fracSin,dball,30,30,337.84,0.37,13672
Mon Apr 10 22:01:25 BST 2017,max,fracSin,dball,50,50,332.74,0.40,13996
Mon Apr 10 22:01:25 BST 2017,max,fracSin,dball,70,70,332.60,0.35,15800
Mon Apr 10 22:01:25 BST 2017,max,fracSin,dball,90,90,339.29,0.41,16380
Mon Apr 10 22:01:25 BST 2017,integrate,fracSin,dball,05,6,0.23,0.01,9504
Mon Apr 10 22:01:25 BST 2017,integrate,fracSin,dball,10,10,1.14,0.01,9596
Mon Apr 10 22:01:25 BST 2017,integrate,fracSin,dball,15,15,5.79,0.02,11816
Mon Apr 10 22:01:25 BST 2017,integrate,fracSin,dball,20,20,34.14,0.09,25800
Mon Apr 10 22:01:25 BST 2017,integrate,fracSin,dball,25,25,181.49,0.59,106816
Mon Apr 10 22:01:25 BST 2017,integrate,fracSin,dball,30,31,1009.75,3.62,556236
Mon Apr 10 22:01:25 BST 2017,max,fracSin,ppoly,10,13,162.90,0.62,65096
Mon Apr 10 22:01:25 BST 2017,max,fracSin,ppoly,15,18,423.74,1.65,138248
Mon Apr 10 22:01:25 BST 2017,max,fracSin,ppoly,20,22,920.48,3.36,284088
Mon Apr 10 22:01:26 BST 2017,integrate,fracSin,ppoly,10,14,173.71,0.72,63716
Mon Apr 10 22:01:26 BST 2017,integrate,fracSin,ppoly,15,19,421.32,1.56,136648
Mon Apr 10 22:01:26 BST 2017,integrate,fracSin,ppoly,20,23,925.66,3.45,278380
Mon Apr 10 22:01:26 BST 2017,max,fracSin,poly,01,3,30.13,0.19,80456
Mon Apr 10 22:01:26 BST 2017,max,fracSin,poly,03,9,242.36,2.41,1166344
Mon Apr 10 22:01:26 BST 2017,integrate,fracSin,poly,01,2,27.32,0.18,81736
Mon Apr 10 22:01:26 BST 2017,integrate,fracSin,poly,03,8,221.52,2.01,1150732
Mon Apr 10 22:01:26 BST 2017,max,fracSin,frac,10,10,1.13,0.01,13360
Mon Apr 10 22:01:26 BST 2017,max,fracSin,frac,20,20,1.44,0.01,14088
Mon Apr 10 22:01:26 BST 2017,max,fracSin,frac,40,40,2.23,0.01,15424
Mon Apr 10 22:01:26 BST 2017,max,fracSin,frac,60,60,3.21,0.01,16896
Mon Apr 10 22:01:26 BST 2017,max,fracSin,frac,80,80,3.98,0.01,17684
Mon Apr 10 22:01:26 BST 2017,max,fracSin,frac,100,100,5.04,0.03,18216
Mon Apr 10 22:01:26 BST 2017,integrate,fracSin,frac,10,14,173.22,0.72,63312
Mon Apr 10 22:01:26 BST 2017,integrate,fracSin,frac,15,19,427.35,1.64,139532
Mon Apr 10 22:01:26 BST 2017,integrate,fracSin,frac,20,23,959.15,3.78,276040
Mon Apr 10 22:01:26 BST 2017,max,fracSin,lpoly,10,10,48.58,0.17,18552
Mon Apr 10 22:01:26 BST 2017,max,fracSin,lpoly,20,20,58.40,0.15,18832
Mon Apr 10 22:01:26 BST 2017,max,fracSin,lpoly,40,40,112.83,0.39,18884
Mon Apr 10 22:01:26 BST 2017,max,fracSin,lpoly,50,50,154.78,0.52,25224
Mon Apr 10 22:01:26 BST 2017,integrate,fracSin,lpoly,10,12,51.92,0.18,15004
Mon Apr 10 22:01:26 BST 2017,integrate,fracSin,lpoly,20,26,100.28,0.34,14736
Mon Apr 10 22:01:26 BST 2017,integrate,fracSin,lpoly,40,48,251.16,0.86,15036
Mon Apr 10 22:01:26 BST 2017,integrate,fracSin,lpoly,50,57,272.36,1.05,15124
Mon Apr 10 22:01:26 BST 2017,max,fracSin,lppoly,10,10,34.06,0.18,23108
Mon Apr 10 22:01:26 BST 2017,max,fracSin,lppoly,20,21,44.19,0.21,34744
Mon Apr 10 22:01:26 BST 2017,max,fracSin,lppoly,40,41,44.69,0.21,34684
Mon Apr 10 22:01:26 BST 2017,max,fracSin,lppoly,60,61,42.91,0.21,34952
Mon Apr 10 22:01:26 BST 2017,integrate,fracSin,lppoly,10,8,22.95,0.06,13472
Mon Apr 10 22:01:26 BST 2017,integrate,fracSin,lppoly,20,21,175.16,0.63,20120
Mon Apr 10 22:01:26 BST 2017,integrate,fracSin,lppoly,40,37,114.74,0.39,19336
Mon Apr 10 22:01:26 BST 2017,integrate,fracSin,lppoly,60,57,677.02,2.69,46432
Mon Apr 10 22:01:26 BST 2017,max,fracSin,lfrac,10,12,1.32,0.01,13684
Mon Apr 10 22:01:26 BST 2017,max,fracSin,lfrac,20,20,2.14,0.01,15120
Mon Apr 10 22:01:26 BST 2017,max,fracSin,lfrac,40,40,3.47,0.01,15588
Mon Apr 10 22:01:26 BST 2017,max,fracSin,lfrac,60,62,5.03,0.01,17856
Mon Apr 10 22:01:26 BST 2017,max,fracSin,lfrac,80,83,5.90,0.01,18548
Mon Apr 10 22:01:26 BST 2017,integrate,fracSin,lfrac,10,8,21.63,0.06,13616
Mon Apr 10 22:01:26 BST 2017,integrate,fracSin,lfrac,20,21,170.09,0.72,20252
Mon Apr 10 22:01:26 BST 2017,integrate,fracSin,lfrac,40,37,111.12,0.35,19416
Mon Apr 10 22:01:26 BST 2017,integrate,fracSin,lfrac,60,57,683.30,2.72,46836
Mon Apr 10 22:01:26 BST 2017,max,fracSinSC,ball,10,10,189.89,0.20,13664
Mon Apr 10 22:01:26 BST 2017,max,fracSinSC,ball,20,20,198.90,0.26,70492
Mon Apr 10 22:01:26 BST 2017,max,fracSinSC,ball,25,25,243.62,0.52,344332
Mon Apr 10 22:01:26 BST 2017,max,fracSinSC,ball,30,30,494.32,1.83,1875036
Mon Apr 10 22:01:26 BST 2017,integrate,fracSinSC,ball,05,5,1.16,0.01,9636
Mon Apr 10 22:01:26 BST 2017,integrate,fracSinSC,ball,10,10,34.15,0.13,29288
Mon Apr 10 22:01:26 BST 2017,integrate,fracSinSC,ball,15,15,1078.74,3.38,669912
Mon Apr 10 22:01:26 BST 2017,max,fracSinSC,dball,10,12,910.89,0.88,14784
Mon Apr 10 22:01:26 BST 2017,max,fracSinSC,dball,30,30,916.72,0.95,14692
Mon Apr 10 22:01:26 BST 2017,max,fracSinSC,dball,50,50,925.79,0.95,14756
Mon Apr 10 22:01:26 BST 2017,max,fracSinSC,dball,70,70,924.16,0.97,14788
Mon Apr 10 22:01:26 BST 2017,max,fracSinSC,dball,90,90,928.66,1.05,14684
Mon Apr 10 22:01:26 BST 2017,integrate,fracSinSC,dball,05,6,0.64,0.01,9824
Mon Apr 10 22:01:26 BST 2017,integrate,fracSinSC,dball,10,10,2.84,0.01,10576
Mon Apr 10 22:01:26 BST 2017,integrate,fracSinSC,dball,15,15,16.50,0.06,17988
Mon Apr 10 22:01:26 BST 2017,integrate,fracSinSC,dball,20,20,86.54,0.31,56848
Mon Apr 10 22:01:26 BST 2017,integrate,fracSinSC,dball,25,25,492.82,1.49,290388
Mon Apr 10 22:01:26 BST 2017,max,fracSinSC,poly,01,1,45.34,0.18,72892
Mon Apr 10 22:01:26 BST 2017,max,fracSinSC,poly,03,3,187.89,1.80,677040
Mon Apr 10 22:01:26 BST 2017,integrate,fracSinSC,poly,01,0,43.44,0.22,72820
Mon Apr 10 22:01:26 BST 2017,integrate,fracSinSC,poly,03,2,173.39,1.40,699604
Mon Apr 10 22:01:26 BST 2017,max,fracSinSC,ppoly,8,16,465.60,1.71,477308
Mon Apr 10 22:01:26 BST 2017,max,fracSinSC,ppoly,16,23,402.06,1.49,479192
Mon Apr 10 22:01:26 BST 2017,max,fracSinSC,ppoly,20,32,812.96,3.03,948076
Mon Apr 10 22:01:26 BST 2017,integrate,fracSinSC,ppoly,8,17,439.97,1.65,328620
Mon Apr 10 22:01:26 BST 2017,integrate,fracSinSC,ppoly,16,25,336.41,1.23,354720
Mon Apr 10 22:01:26 BST 2017,integrate,fracSinSC,ppoly,20,34,678.74,2.72,674872
Mon Apr 10 22:01:26 BST 2017,max,fracSinSC,frac,8,8,6.30,0.03,29540
Mon Apr 10 22:01:26 BST 2017,max,fracSinSC,frac,16,16,7.43,0.03,40440
Mon Apr 10 22:01:26 BST 2017,max,fracSinSC,frac,20,20,10.91,0.08,48408
Mon Apr 10 22:01:26 BST 2017,integrate,fracSinSC,frac,8,17,457.24,1.95,328432
Mon Apr 10 22:01:26 BST 2017,integrate,fracSinSC,frac,16,25,360.54,1.36,351344
Mon Apr 10 22:01:26 BST 2017,integrate,fracSinSC,frac,20,34,710.48,2.86,658248
Mon Apr 10 22:01:26 BST 2017,max,fracSinSC,lpoly,8,9,37.40,0.10,18348
Mon Apr 10 22:01:26 BST 2017,max,fracSinSC,lpoly,16,20,36.27,0.15,18676
Mon Apr 10 22:01:26 BST 2017,max,fracSinSC,lpoly,24,26,46.40,0.14,18620
Mon Apr 10 22:01:26 BST 2017,max,fracSinSC,lpoly,32,32,45.72,0.20,18688
Mon Apr 10 22:01:26 BST 2017,max,fracSinSC,lpoly,40,40,47.14,0.11,18596
Mon Apr 10 22:01:26 BST 2017,max,fracSinSC,lpoly,60,60,68.16,0.28,27180
Mon Apr 10 22:01:26 BST 2017,max,fracSinSC,lpoly,80,80,69.66,0.24,27172
Mon Apr 10 22:01:26 BST 2017,integrate,fracSinSC,lpoly,8,9,92.97,0.28,20608
Mon Apr 10 22:01:26 BST 2017,integrate,fracSinSC,lpoly,16,20,75.28,0.25,14888
Mon Apr 10 22:01:26 BST 2017,integrate,fracSinSC,lpoly,24,29,121.92,0.45,14952
Mon Apr 10 22:01:26 BST 2017,integrate,fracSinSC,lpoly,32,38,165.43,0.59,15304
Mon Apr 10 22:01:26 BST 2017,integrate,fracSinSC,lpoly,40,47,239.83,0.91,15916
Mon Apr 10 22:01:26 BST 2017,integrate,fracSinSC,lpoly,60,66,381.22,1.32,18820
Mon Apr 10 22:01:26 BST 2017,max,fracSinSC,lppoly,8,8,64.09,0.26,68296
Mon Apr 10 22:01:26 BST 2017,max,fracSinSC,lppoly,16,16,39.65,0.13,59108
Mon Apr 10 22:01:26 BST 2017,max,fracSinSC,lppoly,24,29,38.17,0.17,59136
Mon Apr 10 22:01:26 BST 2017,max,fracSinSC,lppoly,32,35,38.14,0.14,59024
Mon Apr 10 22:01:26 BST 2017,max,fracSinSC,lppoly,40,42,38.28,0.12,59084
Mon Apr 10 22:01:26 BST 2017,max,fracSinSC,lppoly,60,62,40.34,0.18,61140
Mon Apr 10 22:01:26 BST 2017,max,fracSinSC,lppoly,80,82,37.81,0.17,59152
Mon Apr 10 22:01:26 BST 2017,integrate,fracSinSC,lppoly,8,6,57.74,0.23,16792
Mon Apr 10 22:01:26 BST 2017,integrate,fracSinSC,lppoly,16,16,71.84,0.26,18680
Mon Apr 10 22:01:26 BST 2017,integrate,fracSinSC,lppoly,24,25,191.40,0.65,23784
Mon Apr 10 22:01:26 BST 2017,integrate,fracSinSC,lppoly,32,28,50.15,0.17,17680
Mon Apr 10 22:01:26 BST 2017,integrate,fracSinSC,lppoly,40,37,122.83,0.38,20172
Mon Apr 10 22:01:26 BST 2017,integrate,fracSinSC,lppoly,60,57,764.82,2.52,51220
Mon Apr 10 22:01:26 BST 2017,max,fracSinSC,lfrac,8,13,1.91,0.01,16612
Mon Apr 10 22:01:26 BST 2017,max,fracSinSC,lfrac,16,17,2.10,0.01,17520
Mon Apr 10 22:01:26 BST 2017,max,fracSinSC,lfrac,24,28,2.88,0.01,17436
Mon Apr 10 22:01:26 BST 2017,max,fracSinSC,lfrac,32,33,2.81,0.01,17324
Mon Apr 10 22:01:26 BST 2017,max,fracSinSC,lfrac,40,41,2.97,0.01,18104
Mon Apr 10 22:01:26 BST 2017,max,fracSinSC,lfrac,60,61,3.54,0.01,20396
Mon Apr 10 22:01:26 BST 2017,max,fracSinSC,lfrac,80,81,4.17,0.01,22804
Mon Apr 10 22:01:26 BST 2017,integrate,fracSinSC,lfrac,16,16,73.04,0.30,18864
Mon Apr 10 22:01:26 BST 2017,integrate,fracSinSC,lfrac,24,25,193.71,0.85,23984
Mon Apr 10 22:01:26 BST 2017,integrate,fracSinSC,lfrac,32,28,48.56,0.23,17688
Mon Apr 10 22:01:26 BST 2017,integrate,fracSinSC,lfrac,40,37,117.82,0.41,20312
Mon Apr 10 22:01:26 BST 2017,integrate,fracSinSC,lfrac,48,43,243.64,0.88,26416
Mon Apr 10 22:01:26 BST 2017,integrate,fracSinSC,lfrac,56,52,483.82,1.96,40744
